bJ=1 X,bJ=1 Y,bJ=2 X,bJ=2 Y,bJ=3 X,bJ=3 Y,bJ=5 X,bJ=5 Y,bJ=7 X,bJ=7 Y,bJ=12 X,bJ=12 Y,bJ=30 X,bJ=30 Y
0.007421550222620477,0.25111923068613184,0.0008930636462594066,0.2503739948888867,0.01060530554537864,0.24496695752118305,0.013658431426336326,0.2435963208200347,0.000918370657011558,0.2500075878904059,0.002603324071348667,0.24964086834081328,0.00012736558110532092,0.2501321477334819
0.012301801118912936,0.2503718463507562,0.007389322150663791,0.24850660831951285,0.017653195733809746,0.24377706202637006,0.010344733645166249,0.2464684780334312,0.009576672388679208,0.24603505483396315,0.007874693163779034,0.24139460566872634,0.0025031823340334047,0.24756761651110035
0.02369810776381176,0.24936197204264418,0.013895556010673882,0.24744789057790206,0.023623062396255556,0.2432782942460886,0.021998394434167012,0.2352333634389466,0.014694020786895912,0.23704723475820338,0.009759911997804072,0.23826446325756068,0.003442150671020938,0.23681272914354765
0.03020679709597085,0.24850231124325198,0.020400255200590744,0.24626476224740468,0.03335824213230315,0.23973075085870818,0.000740624049133054,0.2501060348991317,0.013589264948594526,0.24282514903134472,0.00866668123098674,0.24376769565728026,0.009324769834091362,0.20298893851925048
0.0367306796620524,0.2488743152738373,0.026905721725554166,0.24514383921135058,0.04038462684255956,0.2367974779331995,0.019771995869751424,0.23695736126777964,0.017341346758667497,0.2350768159889969,0.011564419221556377,0.2334272236471919,0.0021226714164805927,0.24418200469119566
0.043245354207574915,0.2484998557711029,0.033413490255657374,0.2442095320586264,0.045795975902429675,0.2350630006146505,0.02734731810124985,0.232065210616963,0.017057551903896684,0.23953165299195378,0.02070066235759399,0.22174039432435272,0.007185101408979322,0.231951113526958
0.04975542474281791,0.24775216450170864,0.03992279345585381,0.24339963549478885,0.05283780962495732,0.23338212761726707,0.01702808462605926,0.2419787630088475,0.01697314504877212,0.23268907060318983,0.006449598515257726,0.2462468982862992,0.0064823321255981226,0.2190214010647241
0.056273091895022054,0.24762030564730317,0.046426725310724115,0.24215430186984815,0.05932946411908224,0.23114150928123345,0.03329432763665807,0.22971349173816885,0.0267190035308848,0.2227533315531161,0.012078195172601891,0.2358718006416607,0.008554136751382668,0.2108098929528492
0.06278477383386288,0.24700324549623986,0.05293909785110679,0.24159322648378384,0.06583032663376615,0.22964735447851947,0.018582730363459754,0.23951130146102406,0.022909318717129645,0.22945892410214977,0.017430975504318158,0.22818037075904207,0.009493866405102691,0.19890774199335037
0.06930328505461836,0.24693981246572203,0.05943765836065096,0.23991245579773995,0.07176822100260427,0.2265566994297668,0.03814913911928841,0.2281127999369763,0.027175395501893185,0.22054598056590669,0.0200564890997198,0.21839679033680237,0.015490087264952546,0.17429326225463637
0.07581489025995453,0.2463165317852144,0.06920184336145957,0.23871627254031663,0.0788182396322955,0.22553934957311203,0.040260727810370656,0.22675339639041991,0.02581718576316555,0.22598448586383865,0.028914444102556558,0.2031483425667598,0.003115413389870092,0.24020432878475184
0.08233570348584968,0.24643971463802647,0.07569441865764037,0.23655030055761495,0.08584395931884481,0.22255216539241912,0.04618271276590946,0.222373018236876,0.03388350554036973,0.21564543780596995,0.016038810061345166,0.2308662002994834,0.007064622068832738,0.2270201790259869
0.08885152903394206,0.24615856307695705,0.08221292987839574,0.23648686752709708,0.09180385062568502,0.22124472878437465,0.05265299149802227,0.21839953812706445,0.03306625040538719,0.21847791686684376,0.02326496104736475,0.2166661735661322,0.007837764788517276,0.22302961550174888
0.09536735458203444,0.24587741151588763,0.08871225772298652,0.23486830213549653,0.09832312918148706,0.2212435010483001,0.05911814004725219,0.21401017119154622,0.040096620421740614,0.21344975741881095,0.02643611267704299,0.20707419901204568,0.011523723381673845,0.18729567778524123
0.10188663313783647,0.24587618377981307,0.0952246302633693,0.23430722674943222,0.10481294207150016,0.21885359000560253,0.06505403934496912,0.21075778237724097,0.04550899259500618,0.21179822049285305,0.035332944269388544,0.1949773467648464,0.010069223250504633,0.20634447682364304
0.1083990056782192,0.24531510839374876,0.10173623546870542,0.23368394606892456,0.11131564619029582,0.21750872790955253,0.07317066271688721,0.2069146410676474,0.04921790654268382,0.20417735574417095,0.023988551601837382,0.21349450518896035,0.014686678443704915,0.17945719681734706
0.11491483122631158,0.24503395683267934,0.10823633064834282,0.23212758597176733,0.11781420669984005,0.21582795722350867,0.07856962307720133,0.20538483417348002,0.047591988275842656,0.2081208769157072,0.025589668396309995,0.20995837332753817,0.015645189536184267,0.1690775944932702
0.12143111717543192,0.24479012844827588,0.11475668347321,0.23221344564791344,0.12431506921452395,0.2143338024207947,0.08556285891344512,0.19976429252802042,0.05568407455133273,0.19987063298555596,0.032840290975857,0.19774217710947484,0.008519251593754773,0.2152357555181872
0.127949935330206,0.24475157753553536,0.12125110037350262,0.2301967663718757,0.1308351151053726,0.21439477997916348,0.0915356122172567,0.1994995351411209,0.062173821669770424,0.1974753900604775,0.019986285465849518,0.22479542576833866,0.019905068317193297,0.16208016145612072
0.13445931526390703,0.24394790150114215,0.12776500758397852,0.22976010157469798,0.137309120893426,0.21072343987093373,0.09800928914743301,0.1958015356209869,0.06536209878833887,0.19168968380921253,0.036552277917697384,0.19037042975425378,0.022233933192741584,0.15087347403389337
0.14097698241611117,0.24381604264673667,0.13426893943884882,0.22851476794975728,0.14382456277399502,0.21041118566264264,0.10394319337402885,0.192387413041129,0.07186503310764858,0.19036348330149552,0.02711707588895451,0.20528279807149946,0.011475462520978919,0.1930551786920709
0.1474962609719132,0.24381481491066212,0.14078361398437128,0.22814030844702288,0.15031944007531572,0.2084318295632709,0.11098952879549645,0.19107147777114633,0.0788764036288267,0.18621306011471273,0.03599479030659031,0.19284516119623007,0.02007634351790555,0.15696659817624678
0.154008633512296,0.2432537395245978,0.14730135787008014,0.22801467012206172,0.15682628780336294,0.20742287605721477,0.11800977482538011,0.1876405624900912,0.08482681834784156,0.1841373881202934,0.04247392670740624,0.1859627997574299,0.025108452527548508,0.14348666700355858
0.16053251607837749,0.24362574355518313,0.15379684903943802,0.22608507825824462,0.1633403484808481,0.20699865231892572,0.12449590450716957,0.18495206603406572,0.08801475016563903,0.17832368948652894,0.04568154367830579,0.1793269488650132,0.029378075245657054,0.13727914246727652
0.16704603962133013,0.24315797611078377,0.16031536026019344,0.22602164522772678,0.16982801283273075,0.20443456645178687,0.13098244343431725,0.18229674573507665,0.09452942471116155,0.17794922998379456,0.03191833942196126,0.2005501334892158,0.030385342420104933,0.12964305218638628
0.1735618651694225,0.24287682454971432,0.16682021291711968,0.22485095795611804,0.17634498938339305,0.20424672283238238,0.13694686201793232,0.1813563203642477,0.10153508406720729,0.1733358216769409,0.044859183185985974,0.1829545346261397,0.03520598492448429,0.12527239521498298
0.18007815111854286,0.2426329961653109,0.1733339666605862,0.22440185210005167,0.1828320398672384,0.20163287272968888,0.14289516656556905,0.17910958381010927,0.10749398880041616,0.17194840683318358,0.04888229977114161,0.1769708334644825,0.03922897512504403,0.11806946747369049
0.186595818270747,0.24250113731090542,0.1798378985154565,0.22315651847511098,0.1893490164179007,0.20144502911028445,0.14938426327620535,0.17666161449259793,0.11397424288813462,0.16878359555113503,0.059465408806924136,0.16824153929857807,0.03758704362898563,0.12192383053173822
0.19310819081112973,0.24194006192484108,0.1863472017156529,0.2223466219112734,0.1958507997346406,0.20002552066090246,0.15643494692960358,0.17569817589112735,0.12046013140748085,0.16607554885971312,0.05479769295323256,0.17205608221010177,0.04159205411619887,0.11447232836355004
0.1996311525751554,0.24223741960209444,0.19286724760650142,0.22240759946964217,0.20235764746268792,0.1990165671548463,0.1629335074391478,0.17401740520508346,0.12694610762226105,0.16337461134479897,0.06397197054468579,0.1634525794062882,0.044803134626857644,0.10811725509428724
0.20614444591759407,0.24175099056936208,0.1993750161366047,0.221473292316918,0.20887416361232225,0.19879140035877585,0.1694322981492059,0.17235529610737257,0.13343054916694802,0.16054926324099822,0.06341322123701754,0.16582502931370344,0.04479529878191124,0.11110897226915364
0.21266065513320975,0.2415009416555143,0.2058866213419408,0.22085001163641038,0.21536627850747492,0.19658810519940817,0.1759244130443588,0.1701520009480049,0.1404503347958037,0.15708102478327704,0.07533068379061542,0.15576819054993502,0.04799827133385093,0.10530559481478571
0.21917839901891856,0.24137530333055315,0.21239876368180965,0.22027027466201307,0.22189092840860314,0.1970223145244368,0.18241537693694176,0.1678553978469723,0.14641324428716052,0.15601826233337626,0.07147522690398245,0.15876319372429473,0.055319723236993634,0.09883129576288427
0.2256976775747206,0.24137407559447863,0.21890906441756663,0.21954124498095182,0.22838872158310075,0.19527933854394963,0.1889243732031195,0.1670206191653574,0.15290996319259287,0.15418819894066849,0.07845919991002098,0.152391745310198,0.05201413928956361,0.10236121443147367
0.23221235212024316,0.24099961609174422,0.22542143695794936,0.2189801695948875,0.2348964901132039,0.19434503139122547,0.19543413680434385,0.16624804577818583,0.15939102846307485,0.15108914754131714,0.08436939713765368,0.14705577534772973,0.06146239977024487,0.0957613372950692
0.23872817766833554,0.2407184645306748,0.23192920548805251,0.21804586244216334,0.2414134666638662,0.194157187771821,0.20192487049641294,0.1639327810888202,0.1658952672519638,0.14986869603415376,0.09137849123152697,0.1427208097874318,0.06793139961061334,0.09168418169451878
0.2452497582292772,0.24090385267793019,0.23844771670880804,0.21798242941164547,0.24791279450845694,0.1925386223802204,0.20842343100595706,0.16225201040277634,0.17182830183217346,0.1463840741205935,0.09731485093027192,0.13950574414979253,0.0733505681800059,0.09058360594791595
0.2517678857825093,0.24080931700019068,0.2449562525739577,0.21711032755336462,0.25442555071636297,0.19200864964137776,0.21492245191652914,0.16060856289339848,0.17887519996600865,0.1451137560665359,0.1032493434470701,0.13613931229567455,0.07983864177724675,0.08805269623781348
0.2582793375208362,0.2401735952607944,0.25147322912462,0.21692248393396016,0.26092756423361685,0.1906078027803288,0.22143551505845382,0.16010347227233312,0.18537529514564588,0.14355739596937866,0.11136804507180764,0.1324646480146446,0.08688768844921224,0.08695655300819721
0.2647995368786942,0.24024701387805183,0.25798376006089097,0.2162121158412319,0.2674422387791393,0.1902333432775944,0.2279317735628582,0.15823608570295933,0.19187477645724604,0.14195127163666674,0.11728653596613708,0.129009998967458,0.09338532815670053,0.08520113596882134
0.27131835503346824,0.24020846296531131,0.2644956722002457,0.2156137172785016,0.27394770530410284,0.1891124202415403,0.2344307944734304,0.15659263819358143,0.1983811637842654,0.14090499495394462,0.12324310215444212,0.1274330060834925,0.09990000270222305,0.08482667646608694
0.2778357919851584,0.24005794252257284,0.27101955476632733,0.21598572130908691,0.2804577758393457,0.18836472897214607,0.24094692695554143,0.1563363687502893,0.2048675236665688,0.1382351600862521,0.12973322197847387,0.1250679771585722,0.10641007323746604,0.08407898519669271
0.2843527685358207,0.23987009890316835,0.2775204172810113,0.21449156650637297,0.2869786986845333,0.1884967982955929,0.2474576113588216,0.15563844171644975,0.2113801264074655,0.13769274628852082,0.13621444071596517,0.12198136681810959,0.11291707443252263,0.08308247274952518
0.29086705941381996,0.23946453675321233,0.28403509182653375,0.2141171070036386,0.2934779169098317,0.18686934643335756,0.25395594166785185,0.15393900944207287,0.21788260032574736,0.1363292226041378,0.14215074925904025,0.11876215416084071,0.11943021430795198,0.08258360265790424
0.2973867216371453,0.23949441166435945,0.2905482317019631,0.2136182369120176,0.2999948934604939,0.1866815028139531,0.26046140819281527,0.1528180864060188,0.22438415344197316,0.13489105256642284,0.14864450113562583,0.11669156362961883,0.1259425868483347,0.0820225272718399
0.30390715119551714,0.23958649186994985,0.2970644409175788,0.2133681879981698,0.30650327585863446,0.18579695989678358,0.26696457271263907,0.15151054748663476,0.23088087234740562,0.13306098917371503,0.15569331760707739,0.11557675881166948,0.13245802872890383,0.08171027306354886
0.3104206747384697,0.2391187244255505,0.30358065013319446,0.21311813908432203,0.31301733653611974,0.18537273615849453,0.27347310857778884,0.15063844562835388,0.2373812744610616,0.1315295111943351,0.16272121140959206,0.11276582296523266,0.13897193593937968,0.08127360826637112
0.3169399532942717,0.23911749668947596,0.3100891859983441,0.21224603722604116,0.3195320110816422,0.18499827665576016,0.2799824117779851,0.14982854906451631,0.24389594900658396,0.13115505169160072,0.1686981887101363,0.11284349091345919,0.1454866104849022,0.08089914876363674
0.323456929844934,0.2389296530700715,0.3166130685644257,0.21261804125662648,0.3260428489519318,0.1843127906808092,0.2864867273003787,0.1486143180867973,0.25040202939958467,0.13008389289110125,0.17518247678781396,0.11000570175076976,0.1520035870355645,0.08071130514423228
0.3299739063955963,0.23874180945066703,0.3231231390996687,0.21187034998723225,0.3325579071649776,0.18396943382529649,0.29299633743459375,0.14782930364073707,0.25690895386113666,0.12908115991448946,0.18168333930249791,0.10851154694805581,0.1585205635862268,0.08052346152482778
0.33649318495139835,0.2387405817145925,0.329640115650331,0.21168250636782776,0.339065182408265,0.1829951375547159,0.29950778917292065,0.14719358190134077,0.26340912577427866,0.12753102034677655,0.18818343448213526,0.10695518685089855,0.16503754013688898,0.08033561790542335
0.3430124635072004,0.23873935397851798,0.3361567085334699,0.21146356010120165,0.34558380324831284,0.18294059099483284,0.3060180899086776,0.14646455222027951,0.26991881264199846,0.12675222643016062,0.19468529453237982,0.10554189893096091,0.17155221468241155,0.07996115840268894
0.3495289796568346,0.23851418718244752,0.34266946474137605,0.21093358736235898,0.35209617578869556,0.1823795156087685,0.3125285441114438,0.1457479635981069,0.2764204424917289,0.12532027692189002,0.2011969764712206,0.10492483877989758,0.17807149323821359,0.07995993066661441
0.3560487186136646,0.23855028262303896,0.3491841392868985,0.2105591278596246,0.35860394431879883,0.18144520845604434,0.3190370799765937,0.14487586173982606,0.2829301293594486,0.1245414830052741,0.20770658660543562,0.1041398243338374,0.1845907717940155,0.07995870293053989
0.3625702991746065,0.23873567077029434,0.35569651182728124,0.2099980524735603,0.36512092086946113,0.18125736483663984,0.3255471505118367,0.14412817047043183,0.28943099187413257,0.12304732820256015,0.2142018475742794,0.10219157088168732,0.19111005034981754,0.07995747519446533
0.3690842063850822,0.23829900597311665,0.362218092388223,0.21018344062081568,0.3716367464175535,0.18097621327557045,0.33205491904193984,0.14319386331770764,0.29594382481554327,0.12252357599316183,0.2207053957616264,0.10091513460952495,0.19762702690047973,0.07976963157506087
0.37560195027079113,0.2381733676481555,0.368727932722952,0.20941708776308843,0.3781525719656459,0.180695061714501,0.33857189559260203,0.1430060196983032,0.30245803896003787,0.12211179331376146,0.22721354795925286,0.1000119301040224,0.20414400345114203,0.0795817879556564
0.3821166248163136,0.2377989081454211,0.3752474414792679,0.20943452161534687,0.3846634098359355,0.18000957573955007,0.3450790064069511,0.14201839372177047,0.30896630077695664,0.1212174752788937,0.23373052450991516,0.09982408648461794,0.21066328200694406,0.07958056021958188
0.38863820537725535,0.23798429629267648,0.3817644180299302,0.20924667799594243,0.3911796190515512,0.1797595268257023,0.3515919270437957,0.14150175068887996,0.31547403642127214,0.1202805021849791,0.24023138702459912,0.09832993168190399,0.21718025855760636,0.07939271660017738
0.39515518192791765,0.237796452673272,0.3882790925754528,0.20887221849320803,0.3976996649423997,0.17982050438407104,0.3581067112086106,0.1411361776567803,0.32198963176885054,0.11998068903557668,0.24674145755984211,0.09758224041250976,0.22370414112368786,0.0797647206307627
0.4016740000826917,0.2377579017605315,0.3947976037962082,0.20880878546269016,0.4042089681425961,0.17901060782023354,0.36461842603323913,0.14052178344690747,0.32850062310614947,0.11930764411951439,0.2532462334832637,0.09640533261145667,0.23021881566921043,0.07939026112802833
0.408191437034382,0.23760738131779302,0.40131074367163755,0.20830991537106916,0.4107247936906885,0.1787294562591641,0.37113145628937605,0.1400140268846517,0.33501135135714666,0.11861327167392868,0.2597618288308421,0.09610551946205426,0.23674346557033854,0.07982447045305696
0.41471301759532375,0.2377927694650484,0.4078300222274396,0.20830868763499463,0.41724637425163025,0.17891484440641947,0.3776461308348986,0.1396395673819173,0.34152767019205477,0.1183721092307157,0.26626755844210725,0.0950059239555236,0.243258140115861,0.07945001095032259
0.4212322961511258,0.23779154172897388,0.4143465383770739,0.20808352083892417,0.4237598977945829,0.17844707696202014,0.3841562013701415,0.13889187611252304,0.3480400427324375,0.11781103384465136,0.2727821233683374,0.09462257798215443,0.24977665133661642,0.07938657791980469
0.42775502771463736,0.23807023781789421,0.4208639753287641,0.2079330003961857,0.43026881732725597,0.17760607775096093,0.3906731779208038,0.13870403249311858,0.3545508806027271,0.11712554786970045,0.27929449590872,0.09406150259609009,0.25629708089498837,0.07947865812539512
0.43426970226015993,0.2376957783151598,0.42738670689227565,0.20821169648510607,0.4367938508959074,0.17807138972321118,0.39718785246632626,0.1383295729903842,0.3610609511379701,0.11637785660030617,0.28580697806839517,0.09350931368066057,0.26281290644308075,0.0791975065643257
0.44079013181853177,0.23778785852075024,0.4339002304352283,0.2077439290407067,0.4433039214311504,0.17732369845381696,0.4037025270118487,0.13795511348764983,0.36757485834844583,0.11594119180312851,0.2923154043142526,0.09262832535174495,0.2693344870040225,0.07938289471158108
0.4473105613769037,0.23787993872634067,0.44041950899103033,0.20774270130463215,0.4498301060023717,0.1778823183677322,0.4102172015573713,0.1375806539849154,0.37409183489910813,0.11575334818372401,0.29882843457038955,0.09212056878948915,0.2758560675649643,0.07956828285883649
0.45382868893013584,0.23778540304860118,0.44693372313552493,0.20733091862523179,0.4563447805478942,0.17750785886499781,0.4167341781080335,0.13739281036551096,0.3806065094446306,0.11537888868098964,0.30534475340529754,0.09187940634627617,0.28237074211048685,0.07919382335610206
0.46034566548079814,0.2375975594291967,0.4599738916507268,0.20745909427141365,0.4628640591036962,0.1775066311289233,0.42324885265355605,0.13701835086277656,0.38711888198501343,0.11481781329492532,0.31185559127558715,0.09119392037132526,0.2888923226714286,0.07937921150335747
0.46686264203146044,0.23740971580979225,0.466492019203959,0.20736455859367414,0.46938333765949825,0.17750540339284873,0.42976582920421835,0.1368305072433721,0.3936358585356756,0.11462996967552086,0.3183694984860631,0.09075725557414754,0.2954092992220909,0.07919136788395298
0.4733853735949721,0.2376884118987126,0.47300554274691153,0.20689679114927478,0.47590146521273036,0.17741086771510922,0.4362805037497408,0.1364560477406377,0.40014823107605846,0.11406889428945655,0.32488187102644583,0.09019618018808323,0.30192857777789295,0.07919014014787845
0.47990465215077416,0.23768718416263807,0.47952942531299314,0.2072687951798601,0.48241729076082274,0.1771297161540398,0.44279978230554284,0.13645482000456316,0.4066629056215809,0.11369443478672214,0.33139424356682856,0.08963510480201889,0.3084501583388346,0.07937552829513386
0.4864204776988664,0.23740603260156862,0.48604755286622514,0.20717425950212062,0.48893656931662477,0.17712848841796525,0.4493144568510654,0.13608036050182878,0.41318218417738295,0.11369320705064762,0.337908918112351,0.08926064529928451,0.31496483288435706,0.07900106879239946
0.4929420582598082,0.237591420748824,0.4925633784143175,0.2068931079410512,0.4954558478724268,0.17712726068189072,0.45582913139658776,0.13570590099909438,0.4196937893827192,0.11306992637013999,0.34442129065273375,0.08869956991322017,0.32148641344529894,0.07918645693965484
0.4994590348104705,0.23740357712941956,0.4990838079726895,0.20698518814664163,0.5019751264282288,0.1771260329458162,0.4623484099523898,0.13570467326301985,0.4262138352735676,0.11313090392850875,0.35094517321881535,0.0890715739438055,0.3280079940062407,0.07937184508691023
0.5059806153714123,0.23758896527667495,0.5056065395362012,0.20726388423556197,0.5084978579917405,0.17740472903473653,0.4688653865030521,0.13551682964361536,0.43272620781395044,0.11256982854244446,0.35745524375405835,0.08832388267441124,0.33452266855176316,0.07899738558417585
0.5124998939272143,0.2375877375406004,0.5121223650842935,0.20698273267449252,0.5150136835398328,0.1771235774736671,0.47538696706399386,0.13570221779087077,0.43924548636975247,0.1125686008063699,0.36397222030472054,0.0881360390550068,0.34104655111784477,0.07936938961476117
0.5190145684727367,0.23721327803786602,0.5186462476503751,0.20735473670507784,0.5215364151033445,0.17740227356258745,0.4819062456197959,0.13570099005479624,0.44576016091527493,0.11219414130363553,0.37048459284510327,0.08757496366894249,0.3475658296736468,0.07936816187868662
0.5255361490336786,0.2373986661851214,0.525166677208747,0.20744681691066827,0.5280522406514369,0.17712112200151803,0.48842092016531835,0.13532653055206184,0.4522748354607975,0.1118196818009011,0.37700156939576557,0.087387120049538,0.35408510822944883,0.07936693414261209
0.5320554275894807,0.23739743844904687,0.5316848047619792,0.20735228123292876,0.5345761232175185,0.17749312603210332,0.4949401987211204,0.13532530281598731,0.4587941140165994,0.11181845406482657,0.38351854594642787,0.08719927643013356,0.36060208478011113,0.0791790905232076
0.5385816121607019,0.2379560583629621,0.5382017813126414,0.20716443761352432,0.5410954017733205,0.1774918982960288,0.5014606282794923,0.13541738302157771,0.4653110905672617,0.11163061044542213,0.3900378245022299,0.087198048694059,0.3671236653410528,0.079364478670463
0.5451008907165038,0.23795483062688755,0.5447233618735832,0.2073498257607797,0.5476146803291225,0.17749067055995427,0.5079810578378643,0.13550946322716814,0.471828067117924,0.11144276682601764,0.3965540337178455,0.0869479997802112,0.3736406418917151,0.07917663505105851
0.5516144142594565,0.2374870631824882,0.5512431008304131,0.20738592120137112,0.5541420159029137,0.17814259841553448,0.5145003363936662,0.1355082354910936,0.4783496476788658,0.11162815497327305,0.4030671735932748,0.08644912968859025,0.3801599204475171,0.07917540731498399
0.5581371458229681,0.23776575927140856,0.5577596169800474,0.20716075440530068,0.5606601434561458,0.17804806273779494,0.521021916954608,0.135693623638349,0.4848689262346677,0.1116269272371985,0.40958645214907685,0.0864479019525157,0.3866815010084589,0.0793607954622394
0.5646564243787702,0.237764531535334,0.564283499546129,0.207532758435886,0.5671794220119478,0.17804683500172042,0.5275388935052703,0.13550578001894453,0.4913928088007493,0.11199893126778382,0.4161029682987112,0.08622273515644524,0.3931984775591212,0.0791729518428349
0.5711740915309744,0.23763267268092853,0.5708069217111825,0.20786743928980533,0.5737028441770013,0.17838151585563972,0.534060474066212,0.13569116816619992,0.4979151566967377,0.11224652470948249,0.4226181032452616,0.08588559883037683,0.39972005812006295,0.07935833999009032
0.5776949814903742,0.23776207606318495,0.5773289626731524,0.2080901506137267,0.5802225831338313,0.1784176112962312,0.5405820546271538,0.1358765563134553,0.5044290639072135,0.1118098599123048,0.42913738180106364,0.0858843710943023,0.406239336675865,0.07935711225401576
0.5842177130538859,0.23804077215210528,0.5838487016299823,0.20812624605431815,0.5867496885071085,0.17905087756347843,0.5471036351880957,0.13606194446071068,0.5109483424630157,0.11180863217623027,0.43565435835172595,0.08569652747489781,0.4127563132265273,0.0791692686346113
0.590735840607118,0.2379462364743658,0.5903698217898962,0.20827431102490754,0.5932680462608547,0.17897500347407191,0.5536265969521212,0.13635930213796404,0.5174699230239574,0.11199402032348565,0.44217133490238825,0.08550868385549337,0.4192755917823293,0.07916804089853674
0.5972551191629201,0.23794500873829125,0.5968867983405585,0.20808646740550307,0.5997888594867499,0.17909818632688398,0.5601475636450258,0.13649492604966476,0.5239915035848992,0.11217940847074107,0.4486906134581903,0.08550745611941885,0.42579717234327097,0.07935342904579215
0.603774397718722,0.2379437810022167,0.6034164359194892,0.2089250111444132,0.6063158113930178,0.1797190115352425,0.5666660748657812,0.13643149301914692,0.5305084801355615,0.11199156485133657,0.4552135752222157,0.08580481379667215,0.4323152998965031,0.07925889336805267
0.610293676274524,0.23794255326614216,0.6099345634727215,0.20883047546667372,0.6128408449616692,0.1801843235074928,0.5731899574318627,0.13680349704973224,0.5370277586913635,0.11199033711526205,0.4617268685646544,0.08531838476393983,0.43883112544459546,0.07897774180698322
0.6168152568354659,0.23812794141339755,0.6164595970413729,0.209295787438924,0.6193628091901343,0.18040081430196986,0.579716142003084,0.13736211696364747,0.5435493392523052,0.11217572526251746,0.4682461471204564,0.08531715702786527,0.44535500801067707,0.07934974583756854
0.6233345353912679,0.23812671367732302,0.6229800265997447,0.2093878676445144,0.6258851570861227,0.18064840774366853,0.5862331185537463,0.137174273344243,0.5500686178081072,0.1121744975264429,0.4747635840721467,0.08516663658512683,0.45187198456133937,0.07916190221816405
0.6298595689599193,0.2385920256495733,0.6295023744957331,0.20963546108621312,0.6324132599949603,0.18136254089369203,0.5927593031249676,0.13773289325815824,0.556590198369049,0.11235988567369828,0.4812787190186971,0.08482950025905842,0.4583912631171414,0.07916067448208952
0.6363742435054418,0.2382175661468389,0.6360243387241983,0.20985195188069014,0.6389352242234254,0.18157903168816908,0.5992831856910491,0.13810489728874356,0.5631117789299909,0.11254527382095367,0.4878039827878625,0.08531347381964166,0.46491284367808317,0.07934606262934493
0.6428992770740933,0.23868287811908917,0.6425470702877099,0.2101306479696105,0.6454575721194138,0.18182662512986777,0.605804766251991,0.13829028543599897,0.5696333594909326,0.11273066196820905,0.4943172761303012,0.08482704478690933,0.4714321222338852,0.07934483489327038
0.6494180952288673,0.23864432720634865,0.6490732548589311,0.21068926788352574,0.6519868260308217,0.18263406622155626,0.6123309508232122,0.13884890534991418,0.576158623260098,0.11321463552879232,0.5008425398994666,0.08531101834749258,0.47795140078968723,0.07934360715719585
0.6559378341856974,0.23868042264694012,0.6555925334147332,0.21068804014745118,0.65850687192167,0.18269504377992501,0.6188571353944335,0.13940752526382943,0.5826765206128162,0.11310143826271982,0.5073606674526988,0.0852164826697531,0.48447067934548915,0.0793423794211213
0.6624559617389294,0.23858588696920058,0.6621164159808146,0.2110600441780365,0.6650391951732639,0.18375130604938678,0.6253856219707946,0.14015276106107458,0.5892027051840375,0.11366005817663508,0.5138776440033609,0.0850286390503486,0.4909899579012912,0.07934115168504677
0.6689763912973015,0.238677967174791,0.6686449025571759,0.21180527997528167,0.6715638450743924,0.18418551537441535,0.6319072025317364,0.14033814920833,0.5957242857449793,0.11384544632389046,0.5203980735617328,0.08512071925593906,0.4975092364570932,0.07933992394897221
0.6755014248659528,0.2391432791470413,0.6751595771026984,0.2114308204725473,0.6780877276404738,0.18455751940500068,0.6384310850978179,0.14071015323891528,0.6022481683110608,0.11421745035447578,0.5269196541226746,0.08530610740319444,0.5040285150128953,0.07933869621289769
0.6820253074320344,0.2395152831776266,0.6816895983491527,0.21230046685867907,0.6846208182271145,0.1856759869689057,0.6449579273847934,0.14132209197663906,0.6087720508771423,0.11458945438506107,0.5334400836810466,0.08539818760878484,0.5105477935686973,0.07933746847682316
0.6885411329801268,0.23923413161655718,0.6882119462451408,0.21254806030037776,0.6911354927726368,0.1853015274661713,0.6514834542402606,0.14182739306674577,0.6152959334432239,0.1149614584156464,0.5399605132394185,0.0854902678143753,0.5170647701193596,0.07914962485741867
0.6950622531400403,0.2393821965871466,0.6947335268060826,0.21273344844763314,0.6976701180293707,0.18654440561896296,0.6580135851060072,0.14270592592351233,0.6218152119990259,0.11496023067957187,0.5464774897900807,0.0853024241949708,0.5235863506803013,0.07933501300467408
0.7015842941020103,0.23960490791106795,0.701259711377304,0.2132920683615484,0.7041924659253589,0.18679199906066163,0.6645404273929825,0.1433178646612361,0.628343698575387,0.11570546647681701,0.5530013723561623,0.08567442822555613,0.5301033272309637,0.07914716938526958
0.708105874662952,0.23979029605832333,0.7077794503341339,0.21332816380213981,0.710719417831627,0.18741282426902017,0.67106523076112,0.14376451504515336,0.634872185151748,0.1164507022740622,0.5595206509119643,0.0856732004894816,0.5366226057867657,0.07914594164919506
0.7146251532187542,0.2397890683222488,0.7143120805197467,0.21440930818937887,0.7172517410832209,0.18846908653848188,0.6775927965354251,0.14443510448906657,0.6413960677178296,0.1168227063046475,0.5660422314729061,0.08585858863673698,0.5431441863477073,0.07933132979645047
0.7211467337796957,0.2399744564695042,0.7208336610806882,0.21459469633663425,0.7237779256544421,0.18902770645239714,0.6841205157767398,0.14511813499186846,0.6479253216292371,0.11763014739633595,0.5725592080235683,0.08567074501733252,0.5496634649035094,0.07933010206037591
0.7276694653432076,0.24025315255842455,0.7273613803220029,0.2152777268394361,0.7303156202513623,0.190519405782962,0.6906509206907172,0.14601888402522187,0.6544484368602723,0.11793994613247796,0.5790830905896498,0.08604274904791781,0.5561790602510878,0.07903028891097352
0.7341898949015793,0.24034523276401498,0.7338837282179913,0.2155253202811348,0.7368302947968848,0.1901449462802276,0.6971836276098347,0.14710624894190524,0.6609755422335493,0.11857321239972518,0.5856046711505917,0.08622813719517322,0.5627043240202532,0.07951426247155677
0.7407080224548117,0.24025069708627547,0.7404092550734584,0.21603062137124152,0.7433710587339912,0.19188546678856572,0.7037145696583447,0.14805054168136897,0.6675008060027148,0.11905718596030845,0.5921262517115334,0.0864135253424286,0.5692189985657757,0.07913980296882236
0.747233056023463,0.24071600905852575,0.7469407013707134,0.21701579187562514,0.7498964759701658,0.19238188140803764,0.7102363804198006,0.14825459141695738,0.6740315945842157,0.11998903764088353,0.5986478322724752,0.08659891348968399,0.5757382771215778,0.07913857523274781
0.7537500325741251,0.24052816543912128,0.7534576779213755,0.21682794825622065,0.7564226605413873,0.1929405013219529,0.7167671690013013,0.14918644309753246,0.6805635341682863,0.1210141972631236,0.605169412833417,0.0867843016369394,0.5822598576825195,0.07932396338000322
0.7602739151402067,0.2409001694697066,0.7599930705131559,0.2181330317034556,0.7629626571434471,0.19461881653584767,0.7233025615930815,0.1504915265447674,0.6870851147292281,0.12119958541037898,0.6116932953994986,0.08715630566752469,0.5887791362383216,0.0793227356439287
0.7667931936960086,0.24089894173363205,0.7665123490689578,0.21813180396738108,0.7694773316889698,0.19424435703311327,0.7298318155044894,0.15129896763645587,0.6936147523081588,0.12203812914928913,0.6182171779655801,0.08752830969811001,0.5952965731900118,0.0791722152011902
0.7733166925945671,0.24123984311699573,0.7730439049855053,0.2191258609423995,0.7760230833038788,0.19638921195533288,0.7363606857483735,0.1520753060809227,0.70014554088966,0.12296998082986421,0.6247387585265219,0.08771369784536537,0.6018176933499255,0.07932028017177961
0.779838656823032,0.24145633391147275,0.7795670202165403,0.21943565967854148,0.7825481168725301,0.19685452392758318,0.7429002219494056,0.15371629811815152,0.7066682724531714,0.12324867691878455,0.6312580370823239,0.08771247010929084,0.6083369719057276,0.07931905243570506
0.7863613883865439,0.2417350300003931,0.7860844571682306,0.219285139235803,0.7890842767993573,0.19822181266926142,0.7494337729370739,0.1548720888587225,0.7132036650449518,0.1245537603660195,0.6377819196484054,0.08808447413987616,0.6148539484563899,0.07913120881630059
0.7928829689474854,0.24192041814764847,0.7926247607043091,0.22098833656747513,0.795609694035532,0.19871822728873334,0.7559631803154911,0.15569197100929966,0.7197344536264527,0.12548561204659459,0.6443065695495336,0.08851868346490482,0.6213755290173316,0.079316596963556
0.799398794495578,0.24163926658657905,0.7991432719250646,0.22092490353695726,0.8021366459418,0.19933905249709188,0.7624944292980198,0.15666114586654073,0.7262717645558496,0.1269462087299378,0.6508296847805686,0.0888284822010468,0.6278948075731337,0.07931536922748145
0.8059242117317527,0.24213568120605097,0.8056752115091352,0.22195006315919735,0.8086850832293722,0.20170162594986307,0.7690303590243328,0.15800977301988597,0.732788894573521,0.126770806169422,0.65735356734665,0.0892004862316321,0.6344140861289357,0.07931414149140692
0.8124465596277408,0.2423832746477497,0.8122025470829264,0.22260199101477754,0.8151989904398482,0.20126496115268538,0.7755684372887761,0.1595325749976725,0.7393256683683853,0.1281878591466549,0.6638797519178712,0.08975910614554736,0.6409356666898774,0.0794995296386623
0.8189681401886828,0.24256866279500508,0.8187294989891942,0.22322281622313608,0.8217470440598971,0.20359643195823493,0.7820992258702768,0.1604644266782476,0.7458606005591377,0.12945561941722386,0.6704013324788132,0.08994449429280271,0.6474526432405396,0.07931168601925784
0.8254935574248574,0.243065077414477,0.8252595202356485,0.22409246260926785,0.828275146968735,0.20431056510825846,0.7886323164569176,0.1615828942421526,0.7523964535519458,0.13079802604112478,0.6769252150448946,0.09031649832338803,0.6539696197912019,0.07912384239985334
0.8320089993054267,0.2427528232061859,0.8317787987914507,0.22409123487319332,0.8348105395605152,0.20561564855549339,0.7951719293914541,0.16323010680882574,0.7589336877478381,0.13225240219502368,0.6834544689563025,0.09112393941507657,0.6604888983470039,0.07912261466377882
0.838534032874078,0.2432181351784362,0.8383143448502401,0.22540875937931693,0.841350536162575,0.2072939637693882,0.8017072452497298,0.16452896972661635,0.7654645530628434,0.13319047440504306,0.6899798861924771,0.09162035403454843,0.6670104789079458,0.07930800281103423
0.8450544624324501,0.2433102153840266,0.8448426779595921,0.22614155411767345,0.8478797900739827,0.20810140486107664,0.8082529201311344,0.16666760411939166,0.7719995619871007,0.1344644552050564,0.6965014667534188,0.09180574218180385,0.6735297574637478,0.07930677507495967
0.851581567805727,0.24394348165127383,0.8513778403508583,0.22742797597657538,0.8544259253564153,0.21027736243051792,0.8147919191976338,0.16826505245051013,0.7785357219139275,0.13583174394673464,0.7030283090403944,0.0924176809195276,0.6800467340144101,0.07911893145555521
0.8580999255594732,0.24386760756186732,0.8579042551225937,0.2280052574788236,0.8609452039122174,0.2102761346944434,0.821334294538338,0.17013620407717922,0.7850683520995403,0.13691288833397366,0.7095554801852471,0.0930562790691557,0.6865683145753518,0.07930431960281059
0.8646222734554616,0.24411520100356604,0.8644281376886751,0.22837726150940893,0.8674944085348362,0.21270091344165787,0.8273141365563894,0.17044610512466074,0.7916122621103376,0.13890845054952936,0.7160823224722226,0.09366821780687948,0.6930852911260139,0.07911647598340613
0.8711419356787868,0.24414507591471313,0.8709681342907349,0.23005557672330373,0.8740298011266165,0.21400599688889282,0.8344038519858241,0.17264684250053977,0.7981503403747812,0.14043125252731586,0.7226077397083972,0.09416463242635137,0.6996068716869559,0.07930186413066154
0.8776669692474384,0.2446103878869634,0.8774828088362574,0.22968111722056933,0.8805521490226049,0.21425359033059152,0.8409480689306401,0.17466728683387278,0.8046832774944124,0.14153727903233224,0.7291335406120953,0.09469214969304501,0.7061261502427578,0.07930063639458698
0.8841939211537062,0.24523121309532195,0.884019736098131,0.23111061125669088,0.8871097943307364,0.2173626273166824,0.8474897536698027,0.17648245369554283,0.8112287989088076,0.14366347236621882,0.7356648224804117,0.0956639904914765,0.71264542879856,0.07929940865851245
0.8907124323744617,0.2451677800648041,0.8905489900095387,0.23191805234837937,0.893631374891678,0.2175480154639378,0.8540372701553189,0.1787703807949821,0.8177577458861967,0.14444603134012998,0.7421893627622476,0.09608931334587037,0.719162405349222,0.07911156503910796
0.8972332456003569,0.2452909629176162,0.8970759419158065,0.2325388775567379,0.9001910152709307,0.2208187862155813,0.8600247087903317,0.17969611425745238,0.8242954404831166,0.14593773067069488,0.7487224533488881,0.09720778090977536,0.725683985910164,0.07929695318636337
0.9037624995117646,0.24609840400930466,0.9036144038477734,0.2340927821817461,0.9067159721060774,0.22127787765838725,0.8671248599763999,0.18274284363776044,0.8308540065933041,0.14912141401011772,0.7552495587221653,0.0978410471770226,0.732203264465966,0.07929572545028882
0.910277174057287,0.24572394450657029,0.9101402047514713,0.23462029944843968,0.9132463770200547,0.22217862669174068,0.8742025026677684,0.18396488438106473,0.8368299096247829,0.14911199454612362,0.7617817285067499,0.09888486838759564,0.7387262262299916,0.07959308312754215
0.9167987546182288,0.24590933265382567,0.9166782830159148,0.2361431014262262,0.9198021039905697,0.2251321504417233,0.8802161439676337,0.18701478054093013,0.8439433612849923,0.15323694903011564,0.7683125170882508,0.09981672006817072,0.74524182157757,0.07929326997813976
0.92332493918945,0.2464679525677409,0.9232029329170428,0.23657731075125482,0.926328288561791,0.22569077035563853,0.8867696456665137,0.18978790893702713,0.8504817355215248,0.15478374447861604,0.7748410036646118,0.10056195586541589,0.7517634021385118,0.07947865812539515
0.9298476707529619,0.24674664865666124,0.9297318031609272,0.23735364919572163,0.9328989785657145,0.22985729734726568,0.8927541063107503,0.19047222661391988,0.8570342067990566,0.15747334005074637,0.7813775472589619,0.1019603472543158,0.7582840618973976,0.07958939991931854
0.9363704023164734,0.2470253447455816,0.9362714160954637,0.23900086176239477,0.9399776443704784,0.23116227848316107,0.8993088869013741,0.19334903050075575,0.8635761765483789,0.15931161173606678,0.787911021513126,0.10310991746544249,0.7648019592501158,0.07947620265324606
0.9428906674459068,0.2471040952452199,0.9427906946512656,0.23899963402632024,0.9459872589883374,0.233885744955043,0.90642085504716,0.19735372141549073,0.8701264773639215,0.1618252551896289,0.7944485626430366,0.10458917573711868,0.771321237805918,0.07947497491717154
0.9494296774743354,0.24870243222340185,0.9493364462661751,0.24114448894853985,0.9525302481970788,0.2358066608172667,0.9135041760178733,0.19903608133767553,0.8766817110476208,0.16473878982175508,0.8009673807978108,0.10455062482437816,0.7778428183668595,0.07966036306442692
0.955942050014718,0.24814135683733754,0.955862247169873,0.24167200621523344,0.9590953366551622,0.2395190891594577,0.9200639187084654,0.20231514612857815,0.8832425791629477,0.16810908904450786,0.8075119814101501,0.10660217180493281,0.7843574929123822,0.07928590356169252
0.9624751406013587,0.24925982440124256,0.9689276610081075,0.24384673604860016,0.9656334916531102,0.24104811166668855,0.9260873453571628,0.2061583079004396,0.8903111161450967,0.1685929602937516,0.8140482948039864,0.1079819016054997,0.7908813754784636,0.07965790759227784
0.968989815146881,0.24888536489850815,0.9819880323588932,0.245612688232768,0.9721665822397507,0.24216657923059356,0.9326546371630227,0.21004935430238925,0.8968830119612361,0.1728572384623611,0.8205879844720276,0.10963533470161721,0.7974006540342657,0.07965667985620328
0.9755159997181024,0.2494439848124234,0.98852232875775,0.24682890697365537,0.9787019748315311,0.2434716626778285,0.9392160643367409,0.2134649745253793,0.9029003985869242,0.17621075570224737,0.8271312806147879,0.1115811326816182,0.8039199325900677,0.07965545212012876
0.9820329762687647,0.24925614119301892,0.9950646273649495,0.24869383807088008,0.9852511794541499,0.245896441425043,0.9457249180978387,0.21261864343193926,0.9094668682480913,0.18003515357443634,0.8342003035757997,0.1121044006173427,0.8104415131510094,0.07984084026738414
0.9885568588348463,0.24962814522360427,1.00159771795159,0.2498123056347851,0.9917727600150918,0.2460818295722984,0.952840942157442,0.2169521337601603,0.9154724074642582,0.18242824081583045,0.840196771186527,0.11376208304442928,0.8169607917068116,0.07983961253130961
0.9950807414009277,0.25000014925418956,,,,,0.9594336802550374,0.22290602621212519,0.9225882975447266,0.18675086990216458,0.8467574858348448,0.11711994120829339,0.8234823722677531,0.080025000678565
,,,,,,0.9718280593800921,0.23251295129012445,0.9296865608429821,0.18964455451042955,0.8527345654467284,0.11720590319577906,0.8300062548338349,0.08039700470915029
,,,,,,0.9579786505122276,0.22049565651250702,0.9362516359031516,0.19335589672843184,0.859287833291118,0.11996007378785523,0.8365255333896369,0.08039577697307576
,,,,,,0.977570032262377,0.23616481028759387,0.9428360770383069,0.19863718209190814,0.8663917480728909,0.12331190532662331,0.8430471139505786,0.08058116512033114
,,,,,,0.9689731444168492,0.22732667049792554,0.9488542995110991,0.20205845867038447,0.8734650425323287,0.12418144940141554,0.8495686945115204,0.08076655326758655
,,,,,,0.9833199123496181,0.2404576800335172,0.9559974516050815,0.20859112831894233,0.8794954190441624,0.12858801341152074,0.8560948790827418,0.08132517318150179
,,,,,,0.9923116157855327,0.24572361991883032,0.962024660119366,0.21274087332770297,0.8860567914082345,0.13199919039919342,0.8626118556334039,0.08113732956209732
,,,,,,0.9883915161872483,0.24347825393542083,0.9680678072787607,0.2181827111667575,0.8920397393062363,0.13256087478132644,0.8691357381994855,0.08150933359268264
,,,,,,1.0007479109378585,0.250005912391763,0.9752114910263114,0.22475848019789396,0.8986148652375241,0.1370870076179735,0.8756642247758466,0.08225456938992778
,,,,,,,,0.9812518718210641,0.22997605807662408,0.9057348575155113,0.14174218818317275,0.8821904093470678,0.08281318930384304
,,,,,,,,0.9898334305190757,0.24240743898126643,0.9128488426562769,0.14591039015758736,0.8887156731162333,0.08329716286442626
,,,,,,,,0.9883665597432929,0.23420123220166372,0.9188636532285941,0.1490550753375568,0.8952427784895105,0.0839304291316735
,,,,,,,,0.9950397657094401,0.2466783865309169,0.9248971234404568,0.15371243529668735,0.9017739507385347,0.08489338345947023
,,,,,,,,0.9894493758175753,0.23752556340765008,0.9320181162989851,0.1584487295910695,0.9083158656782109,0.08672721190947333
,,,,,,,,1.0010572312180306,0.2500382985447698,0.938630932996966,0.16603032724763428,0.9148478052622817,0.08775237153171339
,,,,,,,,,,0.9303002133672893,0.15614434160014984,0.9213905642705091,0.08965462580560407
,,,,,,,,,,0.9368744696521909,0.16180895610482177,0.9284648562655078,0.09060503676317261
,,,,,,,,,,0.9534805414966072,0.17709247562888733,0.9350347789343842,0.09470935846035644
,,,,,,,,,,0.9465085331139202,0.1702715072987149,0.9410502143366681,0.09790469652294406
,,,,,,,,,,0.9667949329887819,0.1934060889329887,0.947614226698698,0.10152988934507051
,,,,,,,,,,0.9617334435727993,0.1842969946124255,0.9558662454798275,0.1086628025421901
,,,,,,,,,,0.9589221235573127,0.18143582991658608,0.9536162574885132,0.10363856015687103
,,,,,,,,,,0.9725791677622515,0.20169295957757225,0.9608242740582733,0.11542957664178136
,,,,,,,,,,0.9773412941987256,0.21278585392063182,0.9590704749996526,0.10537928528788823
,,,,,,,,,,0.9655565023701027,0.19076539634700784,0.9642200604972972,0.126465959302114
,,,,,,,,,,0.9508363500634234,0.17361751912775736,0.9879656647959154,0.18598526211172184
,,,,,,,,,,0.9817886447533037,0.22219511366258216,0.9673454161420454,0.1155794189064977
,,,,,,,,,,0.9758510091719714,0.20751745586925763,0.9750258290995002,0.1406228579942482
,,,,,,,,,,0.9716329774483541,0.1989090174747167,0.9713370930543905,0.13088120516017482
,,,,,,,,,,0.964928076031047,0.1874893615766395,0.9904676765678577,0.19606890243424163
,,,,,,,,,,0.992280058755598,0.23349354867824093,0.983414742064989,0.15885332640344577
,,,,,,,,,,0.9816675683104232,0.21721577403332995,0.97409261727994,0.13647307716218962
,,,,,,,,,,0.978280707890955,0.20932095602845205,0.9665315535092214,0.12231385981424667
,,,,,,,,,,0.9690883018478209,0.19624759179669302,0.9957476458311241,0.22772535371487568
,,,,,,,,,,0.9984856966340006,0.2496900054680397,0.9944813123022156,0.2143597981941595
,,,,,,,,,,0.9908853550886567,0.23597361286235705,0.981367696783374,0.15128270013346823
,,,,,,,,,,0.9855455803336906,0.2257210886159237,0.9992104814476752,0.24419718970008886
,,,,,,,,,,0.9832875690699343,0.21883744527622237,0.9842666885893789,0.16608704865427795
,,,,,,,,,,0.9754185271030862,0.2047546400549658,0.998780406704427,0.2343756417403545
,,,,,,,,,,0.9956132267859039,0.244289589678768,0.9950991123046906,0.22402827728948865
,,,,,,,,,,0.9915962729543768,0.2317746118503374,0.9932093556618409,0.20416533877581525
,,,,,,,,,,0.9782345594585051,0.215251704451749,0.9876820968817372,0.17871410955823236
,,,,,,,,,,0.9975114692516212,0.24705115368372893,0.9782413691808993,0.1455101362752939
,,,,,,,,,,0.9949477366595194,0.2392178982173494,1.0008679612581872,0.2500661436791845
,,,,,,,,,,0.988482019594547,0.22818984759763056,0.9910936684988625,0.1910301439899702
,,,,,,,,,,0.9957573954999501,0.24181451788680075,0.9867529083051472,0.17247251761946697
,,,,,,,,,,,,0.9993650658573083,0.24135750262861586
,,,,,,,,,,,,0.9952472531060372,0.21945724737118547
,,,,,,,,,,,,0.9929467826363696,0.2091315777389544
,,,,,,,,,,,,0.9944753140491707,0.20092017193841902
,,,,,,,,,,,,0.9983058506017324,0.2472002971362034
,,,,,,,,,,,,0.9981136331725624,0.23161787087815458
,,,,,,,,,,,,0.9998343820145335,0.23898889133566803
,,,,,,,,,,,,0.9944860146116239,0.20662355487489775
