file	schema	imaginary_field_grid	equal_time_prescription	connected_strategy	constant_magnetization	labels	beta	h_abs	JL	JQ	Tmax	delta_real_t	delta_imag_t	num_samples	iterations	termination	factorization	fft_cutoff	iteration_error_last	kms_last	closure_max	stationarity_last	magnetization_drift_max	phase_last	approximation_error_last	max_Re_correlation_SE	edge_shape	finite
Diagnose_pq_blowup/NOT_CONVERGED/spinmodel=ISO__JL=-2__beta=1__h=z_h_abs=0.5__factor=keldysh_pq_svd_balanced.hdf5	legacy_edge_plus_center	cell centered; tau=(k+1/2)*delta_imag_t; no samplewise endpoint identification	not_stored	not_stored	not_stored	xx,xy,xz,yx,yy,yz,zx,zy,zz	1.0	0.5	-2.0	1.0	10.0	0.1	0.02	200	4	by iteration limit	keldysh_pq		44842.24688520241	51036.699118295954	1742.8239156694685	67057.2167890543	67057.2167890543	0.9118006759742859		43457.426680054334	101x9x51	True
Diagnose_pq_blowup/NOT_CONVERGED/spinmodel=ISO__JL=-2__beta=1__h=z_h_abs=0.5__factor=keldysh_pq_svd_balanced_n1000.hdf5	legacy_edge_plus_center	cell centered; tau=(k+1/2)*delta_imag_t; no samplewise endpoint identification	not_stored	not_stored	not_stored	xx,xy,xz,yx,yy,yz,zx,zy,zz	1.0	0.5	-2.0	1.0	10.0	0.1	0.02	1000	3	by iteration limit	keldysh_pq		0.7098703172119911	0.9661503232881422	0.4412956228984862	0.702127514425015	0.7021275144250149	0.9969559192140184		0.45515137293833713	101x9x51	True
Diagnose_pq_blowup/NOT_CONVERGED/spinmodel=ISO__JL=-2__beta=1__h=z_h_abs=0.5_dense_control.hdf5	legacy_edge_plus_center	cell centered; tau=(k+1/2)*delta_imag_t; no samplewise endpoint identification	not_stored	not_stored	not_stored	xx,xy,xz,yx,yy,yz,zx,zy,zz	1.0	0.5	-2.0	1.0	10.0	0.1	0.02	200	4	by iteration limit	dense		0.04686887554554528	0.04465175280460316	0.07890369026496334	0.0542861574318073	0.0542861574318073	0.9999549777676563		0.01999378065059807	101x9x51	True
Diagnose_pq_blowup/spinmodel=ISO__beta=1__factor=keldysh_pq_unbalanced.hdf5	legacy_edge_plus_center	cell centered; tau=(k+1/2)*delta_imag_t; no samplewise endpoint identification	not_stored	not_stored	not_stored	xx,xy,xz,yx,yy,yz,zx,zy,zz	1.0	0.0	0.0	1.0	1.0	0.1	0.2	500	2	by convergence	keldysh_pq		0.02227277548454903	0.020909765150701132	0.0013071676419694712	0.005033495271441632	0.005033495271441632	0.9971110273848988		0.010818672414823033	11x9x6	True
NOT_CONVERGED/spinmodel=ISO__JL=-2__beta=2.5__h=z_h_abs=0.5.hdf5	legacy_edge_plus_center	cell centered; tau=(k+1/2)*delta_imag_t; no samplewise endpoint identification	not_stored	not_stored	not_stored	xx,xy,yx,zz	2.5	0.5	-2.0	1.0	10.0	0.1	0.05	8000	20	by iteration limit			0.03791771967552723	0.04214443585901068	0.1621315753502134	0.11743335356989602	0.11743335356989604	0.997543959798809		0.014565512643152385	101x4x51	True
NOT_CONVERGED/spinmodel=ISO__beta=2.5__h=z_h_abs=0.5.hdf5	legacy_edge_plus_center	cell centered; tau=(k+1/2)*delta_imag_t; no samplewise endpoint identification	not_stored	not_stored	not_stored	xx,xy,yx,zz	2.5	0.5	0.0	1.0	10.0	0.1	0.05	8000	20	by iteration limit			0.015522803407650238	0.013847028454013697	0.05689488565990832	0.028500446229481283	0.028500446229481283	0.998956118872801		0.004652909193960561	101x4x51	True
NOT_CONVERGED/spinmodel=ISO__beta=2__h=z_h_abs=0.5__factor=fft.hdf5	legacy_edge_plus_center	cell centered; tau=(k+1/2)*delta_imag_t; no samplewise endpoint identification	not_stored	not_stored	not_stored	xx,xy,xz,yx,yy,yz,zx,zy,zz	2.0	0.5	0.0	1.0	10.0	0.05	0.04	8	1	by iteration limit	fft		0.14906923528151858	0.010484678139426032	1.853922022273707e-15	0.22536410732395262	0.22536410732395265	0.9999965688501153		0.09823032717047216	201x9x51	True
NOT_CONVERGED/spinmodel=ISO__beta=2__h=z_h_abs=0.5__factor=fft_wcut=3.hdf5	legacy_edge_plus_center	cell centered; tau=(k+1/2)*delta_imag_t; no samplewise endpoint identification	not_stored	not_stored	not_stored	xx,xy,xz,yx,yy,yz,zx,zy,zz	2.0	0.5	0.0	1.0	10.0	0.05	0.04	8	1	by iteration limit	fft	3.0	0.1920428035184562	0.013554478753731725	2.230160926315995e-15	0.2775610033674024	0.2775610033674024	0.9999902477083754	0.0013387217214024805	0.10544288752877343	201x9x51	True
NOT_CONVERGED/spinmodel=ISO__beta=2__h=z_h_abs=0.5__factor=fft_wcut=3X.hdf5	legacy_edge_plus_center	cell centered; tau=(k+1/2)*delta_imag_t; no samplewise endpoint identification	not_stored	not_stored	not_stored	xx,xy,xz,yx,yy,yz,zx,zy,zz	2.0	0.5	0.0	1.0	10.0	0.05	0.04	64	3	by iteration limit	fft	3.0	0.25194070413857794	0.37468876555583747	0.42558034661185945	0.36575807165429586	0.36575807165429586	0.9899234667333182	0.0409296491278778	0.1688317667136845	201x9x51	True
Old/spinmodel=ISO__JL=-2__beta=1__h=z_h_abs=0.5.hdf5	legacy_edge_plus_center	cell centered; tau=(k+1/2)*delta_imag_t; no samplewise endpoint identification	not_stored	not_stored	not_stored	xx,xy,yx,zz	1.0	0.5	-2.0	1.0	10.0	0.2	0.03333333333333333	16000	5	by convergence			0.004001150552814234	0.0030871716771284008	0.04869067266911991	0.028145384431271108	0.028145384431271105	0.9999670779519693		0.00161521293290774	51x4x31	True
Old/spinmodel=ISO__JL=-2__beta=1__h=z_h_abs=0.5X.hdf5	legacy_edge_plus_center	cell centered; tau=(k+1/2)*delta_imag_t; no samplewise endpoint identification	not_stored	not_stored	not_stored	xx,xy,yx,zz	1.0	0.5	-2.0	1.0	10.0	0.1	0.03333333333333333	80000	6	by convergence			0.0015926980735252883	0.0025132807822380436	0.03274592983392945	0.01375338999602584	0.013753389996025841	0.9999369416460643		0.0007295165742453779	101x4x31	True
Old/spinmodel=ISO__JL=-2__beta=1__h=z_h_abs=0.5XX.hdf5	legacy_edge_plus_center	cell centered; tau=(k+1/2)*delta_imag_t; no samplewise endpoint identification	not_stored	not_stored	not_stored	xx,xy,yx,zz	1.0	0.5	-2.0	1.0	10.0	0.05	0.02	8000	5	by convergence			0.006297958710160729	0.005622139750947503	0.026505420985406317	0.009885661911807784	0.009885661911807786	0.9999280808944483		0.002623634917017992	201x4x51	True
Old/spinmodel=ISO__JL=-2__beta=1__h=z_h_abs=0.5XXX.hdf5	legacy_edge_plus_center	cell centered; tau=(k+1/2)*delta_imag_t; no samplewise endpoint identification	not_stored	not_stored	not_stored	xx,xy,yx,zz	1.0	0.5	-2.0	1.0	10.0	0.1	0.02	8000	4	by convergence			0.006880749960609084	0.0035932653938161234	0.030549194369338752	0.013372508716567508	0.013372508716567507	0.9999649511367664		0.002268691572860957	101x4x51	True
Old/spinmodel=ISO__JL=-2__beta=1__h=z_h_abs=0.5XXXX.hdf5	legacy_edge_plus_center	cell centered; tau=(k+1/2)*delta_imag_t; no samplewise endpoint identification	not_stored	not_stored	not_stored	xx,xy,yx,zz	1.0	0.5	-2.0	1.0	10.0	0.2	0.02	8000	5	by convergence			0.006337295286967314	0.003256029887615339	0.051934942231199877	0.025399811310814643	0.02539981131081464	0.9999813913500119		0.0023553688228318843	51x4x51	True
noselfcons/Validation_factorization/spinmodel=ISO__beta=1__factor=keldysh_pq_pq_smoke.hdf5	legacy_edge_plus_center	cell centered; tau=(k+1/2)*delta_imag_t; no samplewise endpoint identification	not_stored	not_stored	not_stored	xx,xy,xz,yx,yy,yz,zx,zy,zz	1.0	0.0	0.0	1.0	0.2	0.1	0.5	200	1	no self consistency	keldysh_pq		0.015589603975184508	0.007136427977467966	4.441776478679313e-16	0.005492872642937521	0.005492872642937521	0.9895641504476194		0.009184960589118999	3x9x3	True
noselfcons/Validation_factorization/spinmodel=ISO__beta=1_dense_smoke.hdf5	legacy_edge_plus_center	cell centered; tau=(k+1/2)*delta_imag_t; no samplewise endpoint identification	not_stored	not_stored	not_stored	xx,xy,xz,yx,yy,yz,zx,zy,zz	1.0	0.0	0.0	1.0	0.2	0.1	0.5	200	1	no self consistency	dense		0.014855059102439038	0.0002483681584198201	2.249632117650281e-16	0.00024051014542843794	0.00024051014542843797	1.0		0.0024754809223497625	3x9x3	True
spinmodel=ISO__JL=-2__beta=1__h=z_h_abs=0.5.hdf5	legacy_edge_plus_center	cell centered; tau=(k+1/2)*delta_imag_t; no samplewise endpoint identification	not_stored	not_stored	not_stored	xx,xy,yx,zz	1.0	0.5	-2.0	1.0	10.0	0.1	0.02	8000	4	by convergence			0.006880749960609084	0.0035932653938161234	0.030549194369338752	0.013372508716567508	0.013372508716567507	0.9999649511367664		0.002268691572860957	101x4x51	True
spinmodel=ISO__JL=-2__beta=1__h=z_h_abs=0.5__factor=fft_wcut=3.hdf5	legacy_edge_plus_center	cell centered; tau=(k+1/2)*delta_imag_t; no samplewise endpoint identification	not_stored	not_stored	not_stored	xx,xy,yx,zz	1.0	0.5	-2.0	1.0	10.0	0.05	0.02	8000	5	by convergence	fft	3.0	0.006849078455278907	0.004887706918134276	0.01923615901322404	0.010713771990665349	0.010713771990665349	0.9995749121655281	0.0021292824353219206	0.0025370078565062643	201x4x51	True
spinmodel=ISO__beta=0.2.hdf5	legacy_edge_plus_center	cell centered; tau=(k+1/2)*delta_imag_t; no samplewise endpoint identification	not_stored	not_stored	not_stored	xx	0.2	0.0	0.0	1.0	7.5	0.0375	0.006666666666666667	8000	3	by convergence	dense	3.0	0.0018197586102919033	6.273185002563741e-05	0.00018955194771918927	0.0	0.0	0.9999999981096142	0.0	0.0016433332669453778	201x1x31	True
spinmodel=ISO__beta=0.2__factor=fft_wcut=3.hdf5	legacy_edge_plus_center	cell centered; tau=(k+1/2)*delta_imag_t; no samplewise endpoint identification	not_stored	not_stored	not_stored	xx	0.2	0.0	0.0	1.0	7.5	0.0375	0.006666666666666667	8000	3	by convergence	fft	3.0	0.0032263738305793876	0.000312297102564388	0.0002936332928796036	0.0	0.0	0.9999998071496884	0.0002064704689588462	0.0017789243364016078	201x1x31	True
spinmodel=ISO__beta=0.4__factor=fft.hdf5	legacy_edge_plus_center	cell centered; tau=(k+1/2)*delta_imag_t; no samplewise endpoint identification	not_stored	not_stored	not_stored	xx,xy,xz,yx,yy,yz,zx,zy,zz	0.4	0.0	0.0	1.0	0.2	0.05	0.1	64	1	by convergence	fft		0.0075094795858032465	0.0034906863597965318	2.2204702882979873e-16	0.0008915789153100415	0.0008915789153100416	0.9999624528172956		0.0042641171633451885	5x9x5	True
spinmodel=ISO__beta=0.4__factor=fft_wcut=3.hdf5	legacy_edge_plus_center	cell centered; tau=(k+1/2)*delta_imag_t; no samplewise endpoint identification	not_stored	not_stored	not_stored	xx,xy,xz,yx,yy,yz,zx,zy,zz	0.4	0.0	0.0	1.0	0.2	0.05	0.1	64	1	by convergence	fft	3.0	0.011822992981303836	0.001731254418106581	2.2204714856450705e-16	0.0004938436560543095	0.0004938436560543095	0.9999999999992962	0.16568579796782043	0.0037262606118456092	5x9x5	True
spinmodel=ISO__beta=1.hdf5	legacy_edge_plus_center	cell centered; tau=(k+1/2)*delta_imag_t; no samplewise endpoint identification	not_stored	not_stored	not_stored	xx,xy,yx,zz	1.0	0.0	0.0	1.0	10.0	0.2	0.03333333333333333	16000	3	by convergence			0.004718175469784314	0.0010019816703021444	0.0021043196110518965	0.003222377756458271	0.003222377756458271	0.9999956951059756		0.0013291811537196766	51x4x31	True
spinmodel=ISO__beta=1__factor=fft_wcut=3.hdf5	legacy_edge_plus_center	cell centered; tau=(k+1/2)*delta_imag_t; no samplewise endpoint identification	not_stored	not_stored	not_stored	xx	1.0	0.0	0.0	1.0	8.0	0.04	0.03333333333333333	8000	3	by convergence	fft	3.0	0.004597558667312738	0.0013057665532152246	0.006991067747673557	0.0	0.0	0.9995515676606567	0.000476951808053922	0.0017123694980869322	201x1x31	True
spinmodel=ISO__beta=1__factor=fft_wcut=3X.hdf5	legacy_edge_plus_center	cell centered; tau=(k+1/2)*delta_imag_t; no samplewise endpoint identification	not_stored	not_stored	not_stored	xx	1.0	0.0	0.0	1.0	8.0	0.04	0.03333333333333333	24000	4	by convergence	fft	3.0	0.0030205166739743355	0.000755064876075193	0.003099054436943323	0.0	0.0	0.9995500202766848	0.0003437004979479067	0.0010282192111740504	201x1x31	True
spinmodel=ISO__beta=1__factor=fft_wcut=3XX.hdf5	legacy_edge_plus_center	cell centered; tau=(k+1/2)*delta_imag_t; no samplewise endpoint identification	not_stored	not_stored	not_stored	xx	1.0	0.0	0.0	1.0	8.0	0.04	0.02	24000	3	by convergence	fft	3.0	0.004334591555366134	0.0008246753680669426	0.0029495771848440044	0.0	0.0	0.999732014837632	0.0005914607980827734	0.0009760673213262225	201x1x51	True
spinmodel=ISO__beta=1__h=z_h_abs=0.5.hdf5	legacy_edge_plus_center	cell centered; tau=(k+1/2)*delta_imag_t; no samplewise endpoint identification	not_stored	not_stored	not_stored	xx,xy,yx,zz	1.0	0.5	0.0	1.0	10.0	0.2	0.03333333333333333	16000	3	by convergence			0.0046143447577873375	0.00276959792998558	0.019276732806434067	0.011691464410196126	0.011691464410196124	0.999980284154688		0.0013884558340524589	51x4x31	True
spinmodel=ISO__beta=1__h=z_h_abs=0.5X.hdf5	legacy_edge_plus_center	cell centered; tau=(k+1/2)*delta_imag_t; no samplewise endpoint identification	not_stored	not_stored	not_stored	xx,xy,yx,zz	1.0	0.5	0.0	1.0	10.0	0.05	0.02	8000	3	by convergence			0.006368725540370834	0.002971645398332943	0.011873038572046427	0.005581721482624903	0.005581721482624903	0.9999574068426191		0.0019811578434567466	201x4x51	True
spinmodel=ISO__beta=2.hdf5	legacy_edge_plus_center	cell centered; tau=(k+1/2)*delta_imag_t; no samplewise endpoint identification	not_stored	not_stored	not_stored	xx	2.0	0.0	0.0	1.0	10.0	0.05	0.04	8000	3	by convergence	dense	3.0	0.004100194617293022	0.0019380913458360797	0.008889147032691476	0.0	0.0	0.9997742860957625	0.0	0.0024738790790342063	201x1x51	True
spinmodel=ISO__beta=2X.hdf5	legacy_edge_plus_center	cell centered; tau=(k+1/2)*delta_imag_t; no samplewise endpoint identification	not_stored	not_stored	not_stored	xx	2.0	0.0	0.0	1.0	7.5	0.0375	0.04	8000	3	by convergence	dense	3.0	0.006859196182004958	0.004024755912026961	0.009479530772283352	0.0	0.0	0.9997315762705679	0.0	0.0022170084567827396	201x1x51	True
spinmodel=ISO__beta=2__factor=fft_wcut=3.hdf5	legacy_edge_plus_center	cell centered; tau=(k+1/2)*delta_imag_t; no samplewise endpoint identification	not_stored	not_stored	not_stored	xx	2.0	0.0	0.0	1.0	8.0	0.04	0.04	24000	4	by convergence	fft	3.0	0.0043646415444310045	0.00269068462214096	0.010531360305752255	0.0	0.0	0.9954756342473892	0.0013433022366250464	0.0014343778809898368	201x1x51	True
spinmodel=ISO__beta=2__h=z_h_abs=0.5.hdf5	legacy_edge_plus_center	cell centered; tau=(k+1/2)*delta_imag_t; no samplewise endpoint identification	not_stored	not_stored	not_stored	xx,xy,yx,zz	2.0	0.5	0.0	1.0	10.0	0.05	0.04	16000	5	by convergence			0.005089317382581815	0.007162456216754616	0.027467907178827813	0.014201580989446887	0.014201580989446887	0.9991884458925145		0.0024621156691661604	201x4x51	True
spinmodel=ISO__beta=2__h=z_h_abs=0.5X.hdf5	legacy_edge_plus_center	cell centered; tau=(k+1/2)*delta_imag_t; no samplewise endpoint identification	not_stored	not_stored	not_stored	xx,xy,yx,zz	2.0	0.5	0.0	1.0	10.0	0.05	0.04	16000	6	by convergence	dense		0.00470081891894121	0.00579484348621213	0.012882403990868657	0.00949689813159583	0.00949689813159583	0.9991798653255423		0.0026420624316306905	201x4x51	True
spinmodel=ISO__beta=2__h=z_h_abs=0.5__factor=fft.hdf5	legacy_edge_plus_center	cell centered; tau=(k+1/2)*delta_imag_t; no samplewise endpoint identification	not_stored	not_stored	not_stored	xx,xy,yx,zz	2.0	0.5	0.0	1.0	10.0	0.2	0.04	4000	8	by convergence	fft		0.011255540628037894	0.011664281061835355	0.05302085886729699	0.01917548184313943	0.01917548184313943	0.99907400884081		0.0057203955328990475	51x4x51	True
spinmodel=ISO__beta=2__h=z_h_abs=0.5__factor=fft_wcut=3.hdf5	legacy_edge_plus_center	cell centered; tau=(k+1/2)*delta_imag_t; no samplewise endpoint identification	not_stored	not_stored	not_stored	xx,xy,yx,zz	2.0	0.5	0.0	1.0	8.0	0.04	0.04	24000	4	by convergence	fft	3.0	0.0044951885674383175	0.006949287571532036	0.01386740083391559	0.012284614050101396	0.012284614050101396	0.9944622431975801	0.0038764179080519475	0.0017512683035334166	201x4x51	True
spinmodel=ISO__beta=3.hdf5	legacy_edge_plus_center	cell centered; tau=(k+1/2)*delta_imag_t; no samplewise endpoint identification	not_stored	not_stored	not_stored	xx	3.0	0.0	0.0	1.0	7.5	0.0375	0.06	8000	4	by convergence	dense	3.0	0.006708630363121689	0.004419876344430294	0.0150721154932456	0.0	0.0	0.9982470153280472	0.0	0.0028369145752168137	201x1x51	True
spinmodel=ISO__beta=3X.hdf5	legacy_edge_plus_center	cell centered; tau=(k+1/2)*delta_imag_t; no samplewise endpoint identification	not_stored	not_stored	not_stored	xx	3.0	0.0	0.0	1.0	8.0	0.04	0.06	8000	4	by convergence	dense	3.0	0.007888158781144183	0.00491236049763104	0.023059669867954744	0.0	0.0	0.9983762628481994	0.0	0.002798041259240107	201x1x51	True
spinmodel=ISO__beta=3__factor=fft_wcut=3.hdf5	legacy_edge_plus_center	cell centered; tau=(k+1/2)*delta_imag_t; no samplewise endpoint identification	not_stored	not_stored	not_stored	xx	3.0	0.0	0.0	1.0	8.0	0.04	0.06	24000	6	by convergence	fft	3.0	0.003637089118995386	0.004995388589624399	0.005883883133619152	0.0	0.0	0.9813415720578873	0.003402651846927275	0.002038979435866401	201x1x51	True
